商品コード,商品名,店舗ID,登録日,初回入荷日
000101,架空商品 000101,1,2026-06-25,2026-07-01
000102,架空商品 000102,1,2026-06-25,2026-07-01
000103,架空商品 000103,1,2026-06-25,2026-07-01
000104,架空商品 000104,1,2026-06-25,2026-07-01
000105,架空商品 000105,1,2026-06-25,2026-07-01
000106,架空商品 000106,1,2026-06-25,2026-07-01
000107,架空商品 000107,1,2026-06-25,2026-07-01
000108,架空商品 000108,1,2026-06-25,2026-07-01
000109,架空商品 000109,1,2026-06-25,2026-07-01
000110,架空商品 000110,1,2026-06-25,2026-07-01
000111,架空商品 000111,1,2026-09-08,2026-09-10
000112,架空商品 000112,1,2026-06-25,2026-07-01
000113,新規登録サンプル（入荷日未登録）,1,2026-09-25,